Player,TTL,AVG
Caleb Williams,1143,67.2
Bo Nix,1136,66.8
Dak Prescott,1135,66.8
Matthew Stafford,1117,65.7
Trevor Lawrence,1114,65.5
Baker Mayfield,1099,64.6
Jared Goff,1083,63.7
Drake Maye,1050,61.8
Justin Herbert,1043,65.2
Josh Allen,1034,60.8
Trey McBride,1033,60.8
Sam Darnold,1026,60.4
Cam Ward,1007,59.2
Cade Otton,993,62.1
Jameson Williams,992,58.4
Ja'Marr Chase,987,61.7
DJ Moore,979,57.6
Courtland Sutton,975,57.4
Wan'Dale Robinson,973,60.8
George Pickens,968,56.9
Jalen Hurts,965,60.3
Bryce Young,964,60.3
Kyle Pitts Sr.,961,56.5
Tre Tucker,942,55.4
Justin Jefferson,941,55.4
Amon-Ra St. Brown,939,55.2
Patrick Mahomes II,934,66.7
Christian McCaffrey,932,54.8
Tetairoa McMillan,925,54.4
Michael Wilson,923,54.3
Jerry Jeudy,921,54.2
Michael Pittman Jr.,918,54
Aaron Rodgers,918,57.4
Travis Kelce,902,53.1
Tyler Warren,899,52.9
Jordan Love,894,59.6
DeVonta Smith,888,52.2
Chris Olave,887,55.4
Emeka Egbuka,886,52.1
Jonathan Taylor,883,51.9
Zay Flowers,879,51.7
Jakobi Meyers,872,54.5
Theo Johnson,872,58.1
Hunter Henry,869,51.1
C.J. Stroud,868,62
Geno Smith,863,57.5
Bijan Robinson,860,50.6
Andrei Iosivas,851,50.1
Juwan Johnson,850,50
A.J. Brown,843,56.2
Ladd McConkey,838,52.4
Jaxon Smith-Njigba,829,48.8
AJ Barner,827,48.6
Dalton Schultz,827,48.6
Alec Pierce,813,54.2
Jacoby Brissett,812,58
Jauan Jennings,795,53
Dallas Goedert,787,52.5
Elic Ayomanor,787,49.2
Jake Ferguson,786,46.2
Harold Fannin Jr.,786,49.1
Romeo Doubs,780,48.8
Tua Tagovailoa,778,55.6
Nico Collins,778,51.9
Darnell Mooney,778,51.9
DK Metcalf,776,51.7
Jaxson Dart,774,55.3
Saquon Barkley,773,48.3
Kyren Williams,772,45.4
Ashton Jeanty,771,45.4
Javonte Williams,769,48.1
Tee Higgins,769,51.3
Cooper Kupp,768,48
Cole Kmet,768,48
Daniel Jones,756,58.2
Darius Slayton,755,53.9
Brian Thomas Jr.,741,52.9
Chase Brown,738,43.4
Jahmyr Gibbs,737,43.4
Rome Odunze,733,61.1
CeeDee Lamb,732,52.3
Puka Nacua,727,45.4
Jaylen Waddle,724,45.3
Quentin Johnston,723,51.6
Jordan Addison,714,51
Deebo Samuel Sr.,713,44.6
Drake London,709,59.1
Rashid Shaheed,705,39.2
Lamar Jackson,702,54
Colston Loveland,701,43.8
De'Von Achane,697,43.6
Travis Etienne Jr.,691,40.6
T.J. Hockenson,691,46.1
Joe Flacco,690,53.1
Parker Washington,672,42
Xavier Hutchinson,672,39.5
Jayden Higgins,671,39.5
Troy Franklin,670,39.4
Chig Okonkwo,666,39.2
Mack Hollins,657,43.8
Tony Pollard,657,38.6
Mason Taylor,654,50.3
Dawson Knox,653,38.4
Jalen Nailor,653,38.4
Adam Trautman,651,38.3
Xavier Worthy,645,46.1
Xavier Legette,642,42.8
Breece Hall,640,40
James Cook III,639,37.6
Tommy Tremble,636,37.4
Davante Adams,635,45.4
Khalil Shakir,635,39.7
Chimere Dike,631,37.1
Mark Andrews,631,37.1
Keenan Allen,630,37.1
Oronde Gadsden II,628,41.9
Colby Parkinson,621,41.4
D'Andre Swift,621,38.8
JuJu Smith-Schuster,620,36.5
Kayshon Boutte,607,43.4
Brock Bowers,605,50.4
Tyler Shough,605,55
Jahan Dotson,599,35.2
Stefon Diggs,598,35.2
Drew Sample,595,35
Josh Downs,594,37.1
Kendrick Bourne,594,37.1
Brenton Strange,591,49.3
Rico Dowdle,591,34.8
Davis Allen,585,34.4
Van Jefferson,583,36.4
Olamide Zaccheaus,580,36.3
Brock Purdy,576,64
Keon Coleman,576,44.3
Rachaad White,574,33.8
Woody Marks,571,35.7
Marvin Harrison Jr.,566,47.2
Charlie Woerner,565,33.2
David Sills V,565,33.2
Malik Washington,563,33.1
Derrick Henry,556,32.7
Tre Harris,555,32.6
Daniel Bellinger,555,34.7
George Kittle,554,50.4
Josh Jacobs,554,36.9
Michael Penix Jr.,553,61.4
Hollywood Brown,551,34.4
Zach Ertz,551,42.4
Rashod Bateman,551,42.4
Tyrone Tracy Jr.,548,36.5
Darnell Washington,546,34.1
Mac Jones,546,49.6
Noah Gray,545,34.1
Kirk Cousins,543,54.3
Brandin Cooks,537,35.8
Jonnu Smith,536,31.5
Rhamondre Stevenson,533,38.1
Gunnar Helm,533,33.3
Kareem Hunt,529,31.1
J.J. McCarthy,523,52.3
Pat Freiermuth,522,30.7
Kenneth Gainwell,517,30.4
Sam LaPorta,517,57.4
Cedric Tillman,515,39.6
David Njoku,514,42.8
Austin Hooper,512,32
Kyle Juszczyk,510,30
Marcus Mariota,510,46.4
TreVeyon Henderson,501,29.5
Justin Fields,501,55.7
Adonai Mitchell,498,31.1
Kenneth Walker III,498,29.3
Tyler Lockett,498,29.3
Sterling Shepard,495,38.1
Tez Johnson,495,30.9
Isaiah Bond,494,30.9
Jeremy Ruckert,494,29.1
Spencer Rattler,490,54.4
Zach Charbonnet,490,30.6
Jaylen Warren,489,30.6
Isaiah Likely,488,34.9
Jackson Hawes,487,28.6
RJ Harvey,481,28.3
Kimani Vidal,481,37
Ricky Pearsall,480,53.3
John Bates,479,31.9
Ryan Flournoy,479,31.9
Joe Burrow,478,59.8
Kyle Monangai,478,28.1
Elijah Higgins,475,27.9
Pat Bryant,475,31.7
Michael Mayer,465,35.8
Jalen Tolbert,464,35.7
Evan Engram,458,28.6
Alvin Kamara,457,41.5
Matthew Golden,452,32.3
Quinshon Judkins,452,32.3
Calvin Austin III,446,31.9
John Metchie III,445,27.8
Jordan Whittington,443,27.7
Julian Hill,441,31.5
Tyrell Shavers,441,25.9
Tucker Kraft,439,54.9
Jalen Coker,439,39.9
Devaughn Vele,437,33.6
Isaac TeSlaa,436,25.6
Terry McLaurin,433,43.3
Christian Kirk,433,33.3
Chuba Hubbard,432,28.8
Chris Moore,429,30.6
Luke Musgrave,428,25.2
Chris Godwin Jr.,428,47.6
Shedeur Sanders,428,53.5
Isiah Pacheco,424,32.6
Bucky Irving,421,42.1
Demarcus Robinson,420,30
Mo Alie-Cox,419,24.6
Christian Watson,418,41.8
Rashee Rice,415,51.9
Jordan Mason,413,25.8
Dontayvion Wicks,408,29.1
David Montgomery,408,24
Jacory Croskey-Merritt,406,23.9
Jayden Daniels,405,57.9
Luke Farrell,404,23.8
Luther Burden III,402,26.8
Charlie Kolar,402,23.6
Brock Wright,401,36.5
Josh Oliver,400,26.7
Dont'e Thornton Jr.,399,26.6
Jake Tonges,399,24.9
Ja'Tavion Sanders,393,30.2
Joshua Palmer,393,32.8
Mitchell Evans,393,23.1
Michael Carter,393,30.2
Luke Schoonmaker,391,23
Johnny Mundt,389,24.3
Adam Thielen,387,24.2
Nick Westbrook-Ikhine,386,25.7
Omarion Hampton,384,42.7
Garrett Wilson,383,54.7
KaVontae Turpin,380,25.3
Grant Calcaterra,380,25.3
Noah Fant,379,25.3
Marvin Mims Jr.,379,25.3
Arian Smith,376,23.5
Konata Mumpfield,375,22.1
Tyjae Spears,374,28.8
Dillon Gabriel,372,37.2
Tyquan Thornton,368,26.3
Tyler Higbee,366,36.6
Aaron Jones Sr.,366,30.5
Alec Ingold,363,21.4
Isaiah Hodgins,363,51.9
Kalif Raymond,358,23.9
Mike Evans,357,44.6
Dyami Brown,356,25.4
Terrance Ferguson,356,27.4
Payne Durham,354,20.8
Jaylin Lane,348,23.2
Samaje Perine,346,23.1
Jack Bech,343,22.9
Ben Sinnott,341,21.3
J.K. Dobbins,340,34
Marquez Valdes-Scantling,339,33.9
Jeremy McNichols,337,19.8
Kyle Williams,336,19.8
Tim Patrick,336,21
John FitzPatrick,335,22.3
Ty Johnson,335,19.7
DeAndre Hopkins,334,19.6
Blake Corum,332,19.5
Isaiah Williams,329,29.9
Lil'Jordan Humphrey,329,32.9
Tyler Allgeier,328,19.3
Emanuel Wilson,326,19.2
Nick Chubb,326,21.7
Travis Hunter,324,46.3
Mike Gesicki,321,24.7
Kyler Murray,318,63.6
Ian Thomas,318,21.2
Elijah Arroyo,316,24.3
Devin Singletary,311,18.3
Jaylin Noel,304,17.9
Dalton Kincaid,302,25.2
Brevyn Spann-Ford,300,17.6
Carson Wentz,300,60
Mason Tipton,297,22.8
Brady Cook,296,59.2
Cam Skattebo,295,36.9
Durham Smythe,293,17.2
Greg Dortch,292,24.3
Tyler Johnson,292,24.3
Davis Mills,292,48.7
Treylon Burks,292,36.5
DeMario Douglas,288,16.9
Mitch Tinsley,288,16.9
Isaiah Davis,285,17.8
Bam Knight,283,28.3
Eric Saubert,276,25.1
Patrick Ricard,274,24.9
Josh Reynolds,273,54.6
Xavier Weaver,272,30.2
Zay Jones,271,33.9
Jerome Ford,269,20.7
Devin Neal,268,29.8
Brycen Tremayne,264,16.5
Cade Stover,263,29.2
LeQuint Allen Jr.,259,15.2
Hunter Long,258,28.7
Chris Rodriguez Jr.,255,19.6
Roman Wilson,253,19.5
Foster Moreau,253,23
Hunter Luepke,251,14.8
Tyrod Taylor,251,41.8
Calvin Ridley,250,35.7
Allen Lazard,250,25
Dylan Sampson,249,16.6
Blake Whiteheart,245,15.3
Greg Dulcich,245,24.5
Kylen Granson,244,14.4
Kevin Austin Jr.,242,30.3
Gabe Davis,238,39.7
Jack Westover,237,13.9
Reggie Gilliam,235,13.8
Darren Waller,234,26
Xavier Smith,233,16.6
Tucker Fisk,233,23.3
Drew Ogletree,226,15.1
Tory Horton,226,28.3
Ollie Gordon II,223,13.1
Russell Wilson,220,36.7
Justice Hill,219,21.9
Jamari Thrash,216,24
Malik Nabers,216,54
Bhayshul Tuten,215,14.3
Quintin Morris,214,17.8
Darius Cooper,212,16.3
Malik Heath,212,19.3
Jake Browning,212,42.4
Ray-Ray McCloud III,211,35.2
Adam Prentice,211,12.4
Hunter Renfrow,210,35
Taysom Hill,210,16.2
Jack Stoll,209,13.9
Chris Manhertz,208,12.2
Cedrick Wilson Jr.,206,20.6
Chris Brooks,203,11.9
Robbie Ouzts,203,16.9
Nate Adkins,199,22.1
Tyler Huntley,197,39.4
Emari Demercado,196,16.3
Malachi Corley,194,14.9
Tyler Badie,192,12
Brashard Smith,191,11.2
Brian Robinson Jr.,190,11.2
Will Dissly,189,21
Tutu Atwell,187,18.7
Anthony Firkser,187,26.7
Trent Sherfield Sr.,186,15.5
Elijah Moore,186,20.7
Gage Larvadain,186,14.3
Tylan Wallace,185,13.2
C.J. Ham,184,16.7
Tanner Conner,181,20.1
Casey Washington,181,25.9
Audric Estime,181,30.2
Quinn Ewers,179,44.8
Max Brosmer,178,25.4
Sean Tucker,177,11.8
Josh Whyle,176,22
Luke McCaffrey,174,21.8
Harrison Bryant,173,14.4
James Proche II,172,19.1
Philip Rivers,172,57.3
Jalin Hyatt,171,24.4
Jayden Reed,170,24.3
Tyler Conklin,169,16.9
Ray Davis,168,9.9
Cody White,165,18.3
Shane Zylstra,164,32.8
Ashton Dulin,163,13.6
Devontez Walker,163,16.3
Ben Skowronek,159,9.9
Scotty Miller,158,12.2
Jameis Winston,156,52
Tyreek Hill,155,38.8
Malik Davis,155,15.5
Curtis Samuel,151,25.2
Tanner Hudson,148,11.4
Jimmy Horn Jr.,148,11.4
Tank Bigsby,139,11.6
Brenden Bates,139,15.4
Josh Johnson,138,27.6
Jalen McMillan,138,34.5
Raheem Mostert,137,11.4
David Martin-Robinson,134,8.9
Robert Tonyan,133,8.3
Teagan Quitoriano,133,8.9
Keaton Mitchell,132,10.2
Riley Leonard,130,26
Nick Kallerup,130,14.4
Dare Ogunbowale,129,8.1
Jaylen Wright,127,12.7
KeAndre Lambert-Smith,123,12.3
Trey Benson,123,30.8
Ryan Miller,123,10.3
Dylan Drummond,122,15.3
Rasheen Ali,119,11.9
Gunner Olszewski,118,11.8
Ross Dwelley,118,11.8
Jake Bobo,117,10.6
Will Shipley,116,7.7
Ben Yurosek,116,9.7
Cooper Rush,116,29
Jaret Patterson,116,19.3
Dante Pettis,114,16.3
Kendre Miller,113,16.1
Mason Rudolph,113,22.6
Jalen Brooks,111,18.5
Skyy Moore,110,7.9
Andrew Beck,110,6.5
Chris Oladokun,109,36.3
Colson Yankoff,108,7.7
Zaire Mitchell-Paden,107,13.4
Kameron Johnson,105,7.5
Zavier Scott,105,11.7
Cameron Latu,103,6.9
Noah Brown,102,25.5
Trey Lance,100,25
Tip Reiman,98,24.5
Mitchell Trubisky,98,24.5
Malik Willis,98,24.5
Andy Dalton,97,24.3
Bo Melton,96,7.4
James Conner,93,31
Efton Chism III,92,11.5
Andre Baccellia,92,23
Savion Williams,91,7.6
Austin Trammell,91,15.2
Connor Heyward,90,5.6
Tanner McKee,89,22.3
Dee Eskridge,88,6.8
Jakob Johnson,86,12.3
Jalen Royals,86,12.3
Jahdae Walker,86,12.3
Ameer Abdullah,86,6.6
Stone Smartt,85,10.6
Jaleel McLaughlin,85,10.6
Keleki Latu,85,17
Derius Davis,84,8.4
Beaux Collins,84,10.5
Ben Sims,84,9.3
Josiah Deguara,84,7.6
Hassan Haskins,83,8.3
Moliki Matavao,83,13.8
David Moore,81,20.3
Marcedes Lewis,81,16.2
Trayveon Williams,80,16
Jonathan Mingo,80,13.3
Kenny Pickett,79,13.2
Jawhar Jordan,79,19.8
Jaydon Blue,78,15.6
Evan Hull,77,12.8
KhaDarel Hodge,73,7.3
Robbie Chosen,72,24
British Brooks,71,5.9
DJ Giddens,70,7.8
Austin Ekeler,69,34.5
Justin Watson,68,22.7
Mason Kinsey,68,6.8
Miles Sanders,65,16.3
Trevor Etienne,63,4.5
Zamir White,62,12.4
Braxton Berrios,60,20
Jelani Woods,60,15
Raheim Sanders,59,14.8
Pharaoh Brown,59,8.4
Clayton Tune,59,29.5
Braelon Allen,58,14.5
LaJohntay Wester,58,4.1
Anthony Gould,58,9.7
Brady Russell,58,4.8
Giovanni Ricci,58,19.3
Devin Culp,56,5.6
Nick Vannett,55,11
Theo Wease Jr.,55,18.3
Lucas Krull,53,17.7
Dareke Young,53,6.6
Antonio Gibson,52,10.4
Drake Dabney,52,26
Kaleb Johnson,51,5.1
Joe Milton III,51,12.8
Aidan O'Connell,51,51
A.J. Dillon,50,7.1
Khalil Herbert,50,16.7
Alex Bachman,49,4.5
Brandon Allen,49,49
Tom Kennedy,48,12
Jakobie Keeney-James,48,48
Tahj Brooks,47,6.7
James Mitchell,47,9.4
Tai Felton,46,7.7
D'Ernest Johnson,46,7.7
Tahj Washington,45,7.5
Carter Runyon,45,4.5
Joshua Dobbs,44,11
Najee Harris,43,14.3
Ty Chandler,42,21
Gardner Minshew II,41,10.3
Julius Chestnut,40,4
Devin Duvernay,40,6.7
Britain Covey,40,13.3
Terrell Jennings,39,7.8
Hayden Rucci,39,9.8
Drew Lock,38,7.6
Ronnie Bell,38,19
Simi Fehoko,37,7.4
George Holani,36,9
Nick Mullens,36,7.2
Laquon Treadwell,36,5.1
Tyler Goodson,35,3.9
Teddy Bridgewater,35,8.8
Jared Wayne,35,35
Travis Vokolek,32,10.7
Nikko Remigio,31,3.4
Albert Okwuegbunam Jr.,31,31
Bryce Oliver,30,10
Tay Martin,30,10
Xavier Restrepo,30,15
Corey Kiner,30,7.5
Ko Kieft,29,9.7
Sal Cannella,29,14.5
Shane Buechele,29,29
Russell Gage Jr.,28,28
Dameon Pierce,28,9.3
Cam Grandy,28,5.6
Kene Nwangwu,28,9.3
Jared Wiley,28,7
Dylan Laube,27,5.4
Jason Brownlee,26,6.5
Zach Wilson,26,6.5
Tim Jones,26,6.5
DeeJay Dallas,26,8.7
Jordan Watkins,25,6.3
Ke'Shawn Williams,23,3.3
Shedrick Jackson,22,4.4
Deven Thompkins,22,5.5
Charlie Jones,20,4
CJ Dippre,20,10
Ronnie Rivers,19,4.8
Clyde Edwards-Helaire,19,9.5
Jimmy Garoppolo,18,6
Myles Price,17,3.4
Malik Turner,17,5.7
Kyle Allen,16,5.3
Treyton Welch,16,5.3
Will Mallory,16,8
Michael Bandy,16,4
Dalen Cambre,16,3.2
Quentin Skinner,16,16
Feleipe Franks,15,2.1
Brittain Brown,15,7.5
Tyson Bagent,14,4.7
Dominic Lovett,14,2
Anthony Richardson Sr.,14,7
Stephen Carlson,14,7
Thomas Fidone II,14,7
Brayden Willis,13,2.2
Ricky White III,13,6.5
Nathan Carter,12,3
Kalel Mullings,12,3
Chris Blair,12,6
Steven Sims Jr.,12,4
E.J. Jenkins,11,5.5
Zach Horton,11,5.5
Samori Toure,10,10
Phil Mafah,10,10
Cam Akers,9,3
Velus Jones Jr.,9,2.3
Dalevon Campbell,9,9
Xavier Gipson,9,3
Jeff Wilson Jr.,8,4
Jacob Saylors,8,2
Jalen Cropper,8,2.7
Josh Williams,8,4
Brandon Smith,8,8
Sean McKeon,8,8
Owen Wright,7,2.3
Ja'Corey Brooks,7,7
Elijah Mitchell,7,7
Zach Davidson,7,7
River Cracraft,7,7
Travis Homer,6,3
Jacardia Wright,5,5
Justin Shorter,5,1.7
Jackson Meeks,5,2.5
Nyheim Miller-Hines,5,2.5
Kedon Slovis,5,2.5
Craig Reynolds,4,2
Roschon Johnson,4,2
Jarrett Stidham,4,4
Dan Chisena,4,4
Amar Johnson,4,4
Kendall Milton,4,4
Mecole Hardman Jr.,4,4
Tejhaun Palmer,4,4
Jalen Milroe,3,1
Brett Rypien,3,3
Myles Gaskin,3,3
Jordan James,3,3
Eric Gray,3,3
Ulysses Bentley IV,2,2
Parris Campbell,2,2
Jamal Agnew,1,1
Adrian Martinez,1,1
Trey Sermon,1,1
Sione Vaki,1,1
Kaden Davis,1,1
Malik Cunningham,1,1
Coleman Owen,1,1
Lawrence Cager,1,1
Maurice Alexander,1,1
Chase Edmonds,1,1
Jimmy Holiday,1,1